drug,calibration_method,expected_calibration_error,mean_predicted,observed_resistance_rate
cefoxitin,platt,0.04122593667429381,0.7580178589175863,0.7463414634146341
ciprofloxacin,platt,0.03638650834315442,0.49636458335990236,0.5327510917030568
erythromycin,platt,0.03707659538855063,0.6369648473774944,0.6561085972850679
tetracycline,platt,0.07562297884888626,0.19255883933293197,0.2681818181818182
